Date,Name,Year,Letterboxd URI
2023-12-09,Top Gun: Maverick,2022,https://boxd.it/cjr4
2023-12-09,Puss in Boots: The Last Wish,2022,https://boxd.it/aaie
2023-12-09,Bullet Train,2022,https://boxd.it/qW26
2023-12-09,Tenet,2020,https://boxd.it/leq4
2023-12-09,The Whale,2022,https://boxd.it/tw4c
2023-12-09,Luca,2021,https://boxd.it/ipjC
2023-12-09,TÁR,2022,https://boxd.it/uNIA
2023-12-09,All Quiet on the Western Front,2022,https://boxd.it/H08
2023-12-09,The Fabelmans,2022,https://boxd.it/ugoM
2023-12-09,Birds of Prey (and the Fantabulous Emancipation of One Harley Quinn),2020,https://boxd.it/hSyO
2023-12-09,The Killer,2023,https://boxd.it/u6WE
2023-12-09,Gangs of New York,2002,https://boxd.it/25FG
2023-12-09,Casino,1995,https://boxd.it/2ads
2023-12-10,Wonka,2023,https://boxd.it/tCQm
2023-12-11,Reality,2023,https://boxd.it/BeLI
2023-12-14,Bronson,2008,https://boxd.it/1GM8
2023-12-14,Dikkenek,2006,https://boxd.it/1ZUA
2023-12-14,American Gangster,2007,https://boxd.it/23wi
2023-12-14,The Bourne Identity,2002,https://boxd.it/26EO
2023-12-14,The Usual Suspects,1995,https://boxd.it/29XE
2023-12-14,21 Grams,2003,https://boxd.it/2ajK
2023-12-14,La Haine,1995,https://boxd.it/2as8
2023-12-14,Once Upon a Time in America,1984,https://boxd.it/2aCs
2023-12-14,The Godfather,1972,https://boxd.it/2aNK
2023-12-14,Lawless,2012,https://boxd.it/2TIK
2023-12-14,Les Misérables,2012,https://boxd.it/2TT4
2023-12-14,Split,2016,https://boxd.it/dgSy
2023-12-14,C'est la vie!,2017,https://boxd.it/fk34
2023-12-14,Mars Express,2023,https://boxd.it/lATC
2023-12-14,Cape Fear,1991,https://boxd.it/28vu
2023-12-14,Raging Bull,1980,https://boxd.it/28yI
2023-12-14,Donnie Darko,2001,https://boxd.it/2b2A
2023-12-14,Shame,2011,https://boxd.it/2CxU
2023-12-14,A Most Wanted Man,2014,https://boxd.it/4WCE
2023-12-14,Nocturnal Animals,2016,https://boxd.it/bkFu
2023-12-14,The Wannabes,2022,https://boxd.it/rNjk
2023-12-14,The Wonderful Story of Henry Sugar,2023,https://boxd.it/yNyo
2023-12-14,The Animal Kingdom,2023,https://boxd.it/zzJk
2023-12-14,Manhunter,1986,https://boxd.it/1TOw
2023-12-14,Crazy,2000,https://boxd.it/1YQ8
2023-12-14,The Machinist,2004,https://boxd.it/248c
2023-12-14,Panic Room,2002,https://boxd.it/2490
2023-12-14,The Aviator,2004,https://boxd.it/26BU
2023-12-14,Lord of War,2005,https://boxd.it/284y
2023-12-14,Collateral,2004,https://boxd.it/28F0
2023-12-14,The Terminal,2004,https://boxd.it/2a2O
2023-12-14,The Da Vinci Code,2006,https://boxd.it/2a3i
2023-12-14,One Flew Over the Cuckoo's Nest,1975,https://boxd.it/2aeA
2023-12-14,Moonrise Kingdom,2012,https://boxd.it/2Wng
2023-12-14,The Place Beyond the Pines,2012,https://boxd.it/3mDu
2023-12-14,Wildlife,2018,https://boxd.it/eKYe
2023-12-14,Another Round,2020,https://boxd.it/lkba
2023-12-14,Minari,2020,https://boxd.it/mL9M
2023-12-14,Gravity,2013,https://boxd.it/GZY
2023-12-14,Tales from Earthsea,2006,https://boxd.it/17ae
2023-12-14,Whisper of the Heart,1995,https://boxd.it/17uy
2023-12-14,Ocean Waves,1993,https://boxd.it/1CtQ
2023-12-14,Slumdog Millionaire,2008,https://boxd.it/1S3E
2023-12-14,The Game,1997,https://boxd.it/26vC
2023-12-14,Zodiac,2007,https://boxd.it/27MO
2023-12-14,From Up on Poppy Hill,2011,https://boxd.it/2VCa
2023-12-14,The Hunt,2012,https://boxd.it/3wEC
2023-12-14,Enemy,2013,https://boxd.it/5xtO
2023-12-14,American Sniper,2014,https://boxd.it/5LDy
2023-12-14,Nightcrawler,2014,https://boxd.it/780m
2023-12-14,The Handmaiden,2016,https://boxd.it/948A
2023-12-14,Hacksaw Ridge,2016,https://boxd.it/azew
2023-12-14,Black Adam,2022,https://boxd.it/fup0
2023-12-14,The Tender Bar,2021,https://boxd.it/rgLq
2023-12-14,Hannibal,2001,https://boxd.it/1XVc
2023-12-14,The Departed,2006,https://boxd.it/28MA
2023-12-14,The Green Mile,1999,https://boxd.it/2agG
2023-12-14,Schindler's List,1993,https://boxd.it/2aq2
2023-12-14,Memento,2000,https://boxd.it/2bcK
2023-12-14,American History X,1998,https://boxd.it/2bdo
2023-12-14,Million Dollar Baby,2004,https://boxd.it/2bdI
2023-12-14,2001: A Space Odyssey,1968,https://boxd.it/2bf0
2023-12-14,Lucy,2014,https://boxd.it/75hu
2023-12-14,The Irishman,2019,https://boxd.it/dYOq
2023-12-14,The Suicide Squad,2021,https://boxd.it/fw6O
2023-12-15,Kung Fu Panda 4,2024,https://boxd.it/CepE
2023-12-18,The Thin Red Line,1998,https://boxd.it/1ZTM
2023-12-18,Leave the World Behind,2023,https://boxd.it/re0i
2023-12-18,Insomnia,2002,https://boxd.it/2aB0
2023-12-18,Following,1998,https://boxd.it/1Tj4
2023-12-20,Spider-Man: Beyond the Spider-Verse,2027,https://boxd.it/ykgU
2023-12-20,Untitled The Batman Sequel,2027,https://boxd.it/umDy
2023-12-20,Wake Up Dead Man: A Knives Out Mystery,2025,https://boxd.it/uAKS
2023-12-20,The Fantastic Four: First Steps,2025,https://boxd.it/mP6C
2023-12-20,Avatar: Fire and Ash,2025,https://boxd.it/2W7s
2023-12-20,The Fall Guy,2024,https://boxd.it/s0Bm
2023-12-20,Kingdom of the Planet of the Apes,2024,https://boxd.it/ohEE
2023-12-20,Madame Web,2024,https://boxd.it/nwD0
2023-12-20,The Lighthouse,2019,https://boxd.it/icFU
2023-12-21,Shoplifters,2018,https://boxd.it/ifY6
2023-12-21,Apocalypse Now,1979,https://boxd.it/6ZS
2023-12-27,Maestro,2023,https://boxd.it/j0DE
2024-01-03,Public Enemies,2009,https://boxd.it/1U8m
2024-01-03,Amsterdam,2022,https://boxd.it/oJ58
2024-01-03,Darkest Hour,2017,https://boxd.it/dZZa
2024-01-03,Phantom Thread,2017,https://boxd.it/e4uc
2024-01-03,Inherent Vice,2014,https://boxd.it/5hla
2024-01-03,Hard Eight,1996,https://boxd.it/20DU
2024-01-04,The Power of the Dog,2021,https://boxd.it/m99E
2024-01-05,Priscilla,2023,https://boxd.it/Cz3k
2024-01-05,The Boy in the Striped Pyjamas,2008,https://boxd.it/1NOK
2024-01-06,Stéphane,2023,https://boxd.it/y3oM
2024-01-06,A Clockwork Orange,1971,https://boxd.it/2aVE
2024-01-06,Blade Runner,1982,https://boxd.it/2bcA
2024-01-06,Jaws,1975,https://boxd.it/2a5e
2024-01-06,The Godfather Part II,1974,https://boxd.it/2aNq
2024-01-06,The Gray Man,2022,https://boxd.it/rb7q
2024-01-06,Society of the Snow,2023,https://boxd.it/y9aw
2024-01-06,Incendies,2010,https://boxd.it/Msm
2024-01-06,Stronger,2017,https://boxd.it/dRqQ
2024-01-07,Vertigo,1958,https://boxd.it/2apI
2024-01-08,Fear City: A Family-Style Comedy,1994,https://boxd.it/1MOO
2024-01-08,Black Box,2021,https://boxd.it/oGm6
2024-01-08,Now You See Me,2013,https://boxd.it/2Bsu
2024-01-19,Black Hawk Down,2001,https://boxd.it/29rI
2024-01-21,The Holdovers,2023,https://boxd.it/vHza
2024-01-25,The Woman in the Window,2021,https://boxd.it/iT56
2024-01-25,Atonement,2007,https://boxd.it/24ui
2024-01-25,The Fighter,2010,https://boxd.it/PP4
2024-01-25,The Green Knight,2021,https://boxd.it/kuy2
2024-01-25,Brokeback Mountain,2005,https://boxd.it/2b2q
2024-02-07,Uncut Gems,2019,https://boxd.it/gXGc
2024-02-07,Aftersun,2022,https://boxd.it/Arw0
2024-02-07,A Quiet Place,2018,https://boxd.it/fVJQ
2024-02-07,Psycho,1960,https://boxd.it/2ab2
2024-02-07,Pride & Prejudice,2005,https://boxd.it/24u8
2024-02-07,Elvis,2022,https://boxd.it/mK4w
2024-02-07,Scarface,1983,https://boxd.it/2b7g
2024-02-07,Saving Private Ryan,1998,https://boxd.it/29ro
2024-02-07,The Hateful Eight,2015,https://boxd.it/8gw8
2024-02-07,The Royal Tenenbaums,2001,https://boxd.it/1YHU
2024-02-07,Sound of Metal,2019,https://boxd.it/i7Q4
2024-02-07,Halloween,1978,https://boxd.it/2wRu
2024-02-07,Die Hard,1988,https://boxd.it/2a7u
2024-02-07,mother!,2017,https://boxd.it/dgRU
2024-02-07,Pan's Labyrinth,2006,https://boxd.it/28No
2024-02-07,A Star Is Born,2018,https://boxd.it/aXgc
2024-02-07,Ocean's Eleven,2001,https://boxd.it/2aZm
2024-02-07,Cruella,2021,https://boxd.it/bbKg
2024-02-07,Train to Busan,2016,https://boxd.it/dSQU
2024-02-07,Free Guy,2021,https://boxd.it/k8dm
2024-02-07,Guillermo del Toro's Pinocchio,2022,https://boxd.it/kjMW
2024-02-07,Top Gun,1986,https://boxd.it/29JC
2024-02-08,Argylle,2024,https://boxd.it/w1kk
2024-02-08,Get Out,2017,https://boxd.it/eOCm
2024-02-12,Revolutionary Road,2008,https://boxd.it/24Le
2024-02-12,Mud,2012,https://boxd.it/3wPA
2024-02-12,Dark Phoenix,2019,https://boxd.it/anyO
2024-02-14,Daaaaaalí!,2023,https://boxd.it/DzQe
2024-02-14,Junkyard Dog,2023,https://boxd.it/A9H0
2024-02-14,Portrait of a Lady on Fire,2019,https://boxd.it/jkPq
2024-02-14,Frida,2002,https://boxd.it/28Vi
2024-02-14,We Live in Time,2024,https://boxd.it/FC5u
2024-02-14,Anchorman: The Legend of Ron Burgundy,2004,https://boxd.it/1ZVo
2024-02-14,Anchorman 2: The Legend Continues,2013,https://boxd.it/3GNk
2024-02-14,Café Society,2016,https://boxd.it/bhEy
2024-02-14,Oldboy,2003,https://boxd.it/29R2
2024-02-14,Step Brothers,2008,https://boxd.it/1SsE
2024-02-14,Moonlight,2016,https://boxd.it/d6bE
2024-02-14,Moneyball,2011,https://boxd.it/glS
2024-02-14,21 Jump Street,2012,https://boxd.it/J0
2024-02-14,Love & Other Drugs,2010,https://boxd.it/UIi
2024-02-14,Midnight in Paris,2011,https://boxd.it/i4a
2024-02-14,Friends with Benefits,2011,https://boxd.it/DoK
2024-02-14,Project X,2012,https://boxd.it/neO
2024-02-14,Pixels,2015,https://boxd.it/7BaA
2024-02-14,Sausage Party,2016,https://boxd.it/6CCe
2024-02-14,Sibyl,2019,https://boxd.it/kum6
2024-02-14,Glass,2019,https://boxd.it/g3uO
2024-02-14,The Gentlemen,2019,https://boxd.it/iYBQ
2024-02-14,I Care a Lot,2020,https://boxd.it/mcHk
2024-02-14,Marcel the Shell with Shoes On,2021,https://boxd.it/wMAk
2024-02-17,Bob Marley: One Love,2024,https://boxd.it/uckw
2024-02-21,Persona,1966,https://boxd.it/29B4
2024-02-21,Dogville,2003,https://boxd.it/2a8W
2024-02-21,City of God,2002,https://boxd.it/2a2a
2024-02-25,Yannick,2023,https://boxd.it/G2es
2024-02-25,Reality,2014,https://boxd.it/5txC
2024-02-25,Keep an Eye Out,2018,https://boxd.it/h1aY
2024-02-25,Deerskin,2019,https://boxd.it/lqOW
2024-02-25,The Specials,2019,https://boxd.it/lifa
2024-02-25,Little White Lies,2010,https://boxd.it/JiI
2024-02-25,All Your Faces,2023,https://boxd.it/BOP2
2024-02-25,RRRrrrr!!!,2004,https://boxd.it/1BnM
2024-02-25,La Vie en Rose,2007,https://boxd.it/28OQ
2024-02-25,Little Girl Blue,2023,https://boxd.it/Fs4G
2024-02-26,Autumn Sonata,1978,https://boxd.it/1Rio
2024-02-27,Ford v Ferrari,2019,https://boxd.it/ce74
2024-02-29,Lolita,1962,https://boxd.it/29Ag
2024-02-29,Barry Lyndon,1975,https://boxd.it/25A2
2024-02-29,Dr. Strangelove or: How I Learned to Stop Worrying and Love the Bomb,1964,https://boxd.it/29eY
2024-02-29,Paths of Glory,1957,https://boxd.it/29b6
2024-02-29,Benedetta,2021,https://boxd.it/gdNQ
2024-02-29,Bye Bye Morons,2020,https://boxd.it/oekm
2024-02-29,Frantz,2016,https://boxd.it/d6Ym
2024-02-29,Yves Saint Laurent,2014,https://boxd.it/7dt4
2024-02-29,Masquerade,2022,https://boxd.it/xI7A
2024-02-29,Goliath,2022,https://boxd.it/xppK
2024-02-29,The Guilty,2021,https://boxd.it/kOPW
2024-02-29,Raw,2016,https://boxd.it/dLd2
2024-03-05,Twin Peaks: The Return,2017,https://boxd.it/hN9O
2024-03-07,13 Going on 30,2004,https://boxd.it/1X6e
2024-03-07,West Side Story,2021,https://boxd.it/iwt0
2024-03-07,Minority Report,2002,https://boxd.it/2aWi
2024-03-07,The Matrix,1999,https://boxd.it/2a1m
2024-03-18,Twin Peaks,1989,https://boxd.it/g8pk
2024-03-18,World War Z,2013,https://boxd.it/2p2E
2024-03-18,Meet Joe Black,1998,https://boxd.it/2aEI
2024-03-18,Sick of Myself,2022,https://boxd.it/tEzs
2024-03-18,The Rapture,2023,https://boxd.it/BDf8
2024-03-18,The Goldman Case,2023,https://boxd.it/AIiE
2024-03-25,This Is the End,2013,https://boxd.it/3GB4
2024-03-28,Come and See,1985,https://boxd.it/1w9q
2024-04-05,Jurassic World Dominion,2022,https://boxd.it/ikXW
2024-04-05,Coexister,2017,https://boxd.it/fllo
2024-04-05,Biutiful,2010,https://boxd.it/OiI
2024-04-05,Triangle of Sadness,2022,https://boxd.it/hXlq
2024-04-05,Malcolm & Marie,2021,https://boxd.it/r5cO
2024-04-05,Love Actually,2003,https://boxd.it/2aeU
2024-04-05,Consent,2023,https://boxd.it/A86s
2024-04-05,The Stronghold,2021,https://boxd.it/nDHe
2024-04-05,One Life,2023,https://boxd.it/sAhC
2024-04-05,November,2022,https://boxd.it/v3JO
2024-04-08,Inside Llewyn Davis,2013,https://boxd.it/34Ro
2024-04-08,Barton Fink,1991,https://boxd.it/2aFQ
2024-04-08,"O Brother, Where Art Thou?",2000,https://boxd.it/2b3I
2024-04-08,True Grit,2010,https://boxd.it/Sog
2024-04-08,Raising Arizona,1987,https://boxd.it/2avQ
2024-04-08,The Hudsucker Proxy,1994,https://boxd.it/1SJA
2024-04-08,28 Days Later,2002,https://boxd.it/2aXU
2024-04-08,A Quiet Place Part II,2020,https://boxd.it/iTx0
2024-04-08,Nomadland,2020,https://boxd.it/lnRy
2024-04-09,Blue Is the Warmest Color,2013,https://boxd.it/4O40
2024-04-17,A Single Man,2009,https://boxd.it/1dx4
2024-04-17,Bones and All,2022,https://boxd.it/tLd4
2024-04-20,Only God Forgives,2013,https://boxd.it/2HBs
2024-05-10,IF,2024,https://boxd.it/nJwG
2024-05-10,Scott Pilgrim Takes Off,2023,https://boxd.it/JLZk
2024-05-11,The Dead Don't Hurt,2023,https://boxd.it/D30A
2024-05-15,The Second Act,2024,https://boxd.it/HW9q
2024-05-15,Twin Peaks: Fire Walk with Me,1992,https://boxd.it/27Qw
2024-05-22,Hell or High Water,2016,https://boxd.it/bfGM
2024-05-26,The Square,2017,https://boxd.it/e5YW
2024-05-26,"I, Daniel Blake",2016,https://boxd.it/d0xa
2024-05-26,Dheepan,2015,https://boxd.it/a890
2024-05-26,Winter Sleep,2014,https://boxd.it/7Ua0
2024-05-26,Amour,2012,https://boxd.it/34Q6
2024-05-26,The Tree of Life,2011,https://boxd.it/1Zu8
2024-05-26,The Wind That Shakes the Barley,2006,https://boxd.it/293Q
2024-05-26,Rosetta,1999,https://boxd.it/1TJw
2024-05-28,Don't Worry Darling,2022,https://boxd.it/mViu
2024-05-30,Twin Peaks: The Missing Pieces,2014,https://boxd.it/8NH4
2024-06-04,Adaptation.,2002,https://boxd.it/26mA
2024-06-06,Before Midnight,2013,https://boxd.it/4ive
2024-06-06,The Age of Adaline,2015,https://boxd.it/9ghu
2024-06-08,A Knight's Tale,2001,https://boxd.it/1YAk
2024-06-08,The Artist,2011,https://boxd.it/2AwK
2024-06-12,The Black Phone,2021,https://boxd.it/sqFE
2024-06-12,Boyhood,2014,https://boxd.it/3178
2024-06-17,Philomena,2013,https://boxd.it/69OA
2024-06-17,Hit Man,2023,https://boxd.it/ANB2
2024-06-17,Am I OK?,2022,https://boxd.it/nPqY
2024-06-20,Welcome to the Sticks,2008,https://boxd.it/20si
2024-06-24,Cloud Atlas,2012,https://boxd.it/2W60
2024-06-25,The Talented Mr. Ripley,1999,https://boxd.it/2924
2024-06-25,Ocean's Twelve,2004,https://boxd.it/2aZ2
2024-06-25,Ocean's Thirteen,2007,https://boxd.it/2aEy
2024-06-25,Air,2023,https://boxd.it/Arlc
2024-06-28,The Bikeriders,2023,https://boxd.it/C6Ym
2024-06-28,The Hunger Games: Mockingjay – Part 2,2015,https://boxd.it/4hk0
2024-06-28,The Hours,2002,https://boxd.it/2a3s
2024-06-28,American Hustle,2013,https://boxd.it/5dz8
2024-06-28,Vice,2018,https://boxd.it/fcFY
2024-06-28,Doubt,2008,https://boxd.it/1OfQ
2024-07-01,Being John Malkovich,1999,https://boxd.it/2ahu
2024-07-01,Where the Wild Things Are,2009,https://boxd.it/1K0C
2024-07-06,MaXXXine,2024,https://boxd.it/CIM4
2024-07-11,Fly Me to the Moon,2024,https://boxd.it/A7Xg
2024-07-21,The Count of Monte Cristo,2024,https://boxd.it/F1Nk
2024-07-21,The Bling Ring,2013,https://boxd.it/3lPY
2024-07-23,Tokyo Godfathers,2003,https://boxd.it/1Qg2
2024-07-23,Twisters,2024,https://boxd.it/qV7a
2024-07-23,Sin City,2005,https://boxd.it/2aVk
2024-07-23,Snowpiercer,2013,https://boxd.it/3Icg
2024-07-25,Lupin the Third: The Castle of Cagliostro,1979,https://boxd.it/1Mn4
2024-07-25,Twister,1996,https://boxd.it/29S0
2024-07-25,Despicable Me 4,2024,https://boxd.it/iOLG
2024-07-31,Unbreakable,2000,https://boxd.it/1XV2
2024-07-31,Knock at the Cabin,2023,https://boxd.it/npL2
2024-07-31,Old,2021,https://boxd.it/npKI
2024-07-31,Signs,2002,https://boxd.it/26t2
2024-08-03,Trap,2024,https://boxd.it/D4nK
2024-08-05,Vanilla Sky,2001,https://boxd.it/27TK
2024-08-05,Jerry Maguire,1996,https://boxd.it/1YNS
2024-08-05,Mean Girls,2004,https://boxd.it/1VNg
2024-08-05,Spotlight,2015,https://boxd.it/a84k
2024-08-05,Game Night,2018,https://boxd.it/fRtu
2024-08-09,Normal People,2020,https://boxd.it/q2VY
2024-08-10,Vampire Hunter D,1985,https://boxd.it/1YCg
2024-08-10,Vampire Hunter D: Bloodlust,2000,https://boxd.it/1L3i
2024-08-12,Sing Sing,2023,https://boxd.it/HIBA
2024-08-12,Zero Fucks Given,2021,https://boxd.it/vqk8
2024-08-12,Passages,2023,https://boxd.it/xX9c
2024-08-15,Harakiri,1962,https://boxd.it/1NTU
2024-08-15,Seven Samurai,1954,https://boxd.it/2axi
2024-08-17,Phase IV,1974,https://boxd.it/iDY
2024-08-17,West Side Story,1961,https://boxd.it/28dK
2024-08-17,Big,1988,https://boxd.it/271S
2024-08-18,Gifted,2017,https://boxd.it/e5dG
2024-08-18,Not Another Teen Movie,2001,https://boxd.it/1TWq
2024-08-20,Wind River,2017,https://boxd.it/dR3i
2024-08-20,The Rover,2014,https://boxd.it/4WCY
2024-08-20,The King of Staten Island,2020,https://boxd.it/litG
2024-08-23,RoboCop,1987,https://boxd.it/22Wu
2024-08-23,Basic Instinct,1992,https://boxd.it/2asM
2024-08-23,Showgirls,1995,https://boxd.it/1Vmk
2024-08-23,Girl with a Pearl Earring,2003,https://boxd.it/256G
2024-08-23,My Policeman,2022,https://boxd.it/rVmQ
2024-08-24,Megalopolis,2024,https://boxd.it/lPBS
2024-08-27,Gattaca,1997,https://boxd.it/29Du
2024-08-27,The Last Samurai,2003,https://boxd.it/29ZA
2024-08-27,Tropic Thunder,2008,https://boxd.it/20WM
2024-08-27,Aquaman and the Lost Kingdom,2023,https://boxd.it/l1LS
2024-08-28,Rocketman,2019,https://boxd.it/iehK
2024-08-29,Garden State,2004,https://boxd.it/2asW
2024-08-31,"Girl, Interrupted",1999,https://boxd.it/25ds
2024-08-31,Alien Resurrection,1997,https://boxd.it/20zI
2024-08-31,A Little Something Extra,2024,https://boxd.it/HzIM
2024-08-31,The Age of Innocence,1993,https://boxd.it/1WgM
2024-08-31,After Hours,1985,https://boxd.it/1VfS
2024-09-02,Alien: Romulus,2024,https://boxd.it/zGqO
2024-09-02,Bad Times at the El Royale,2018,https://boxd.it/fSA2
2024-09-02,Monster,2003,https://boxd.it/2afy
2024-09-02,The Devil's Advocate,1997,https://boxd.it/286k
2024-09-02,I Am Legend,2007,https://boxd.it/21DG
2024-09-03,The Witch,2015,https://boxd.it/9X0m
2024-09-05,Cast Away,2000,https://boxd.it/20i8
2024-09-05,The Polar Express,2004,https://boxd.it/23am
2024-09-05,Death Becomes Her,1992,https://boxd.it/1YQi
2024-09-05,Contact,1997,https://boxd.it/29OM
2024-09-09,Sergio,2020,https://boxd.it/oiQ2
2024-09-11,A Very Long Engagement,2004,https://boxd.it/26dy
2024-09-11,Eden,2024,https://boxd.it/Dt52
2024-09-12,To Die For,1995,https://boxd.it/2a5o
2024-09-12,Beau Is Afraid,2023,https://boxd.it/u2gE
2024-09-12,Queen & Slim,2019,https://boxd.it/jy4y
2024-09-13,5 Centimeters per Second,2007,https://boxd.it/16G4
2024-09-13,Weathering with You,2019,https://boxd.it/kPxE
2024-09-15,A Most Violent Year,2014,https://boxd.it/75Va
2024-09-16,Snatch,2000,https://boxd.it/2b7U
2024-09-16,The Thing,1982,https://boxd.it/294O
2024-09-16,300,2006,https://boxd.it/28XI
2024-09-16,The Last Duel,2021,https://boxd.it/mQbe
2024-09-16,Mystic River,2003,https://boxd.it/2aAG
2024-09-16,The Deer Hunter,1978,https://boxd.it/1T6O
2024-09-16,Philadelphia,1993,https://boxd.it/1XMk
2024-09-16,Fire of Love,2022,https://boxd.it/yoPY
2024-09-16,Man Bites Dog,1992,https://boxd.it/1X7Q
2024-09-16,The Dinner Game,1998,https://boxd.it/1YJ2
2024-09-16,The Sixth Sense,1999,https://boxd.it/29Js
2024-09-16,Stand by Me,1986,https://boxd.it/2aOe
2024-09-16,Akira,1988,https://boxd.it/2b1i
2024-09-16,Coherence,2013,https://boxd.it/6xza
2024-09-17,The Hand of God,2021,https://boxd.it/r5uI
2024-09-18,Small Things Like These,2024,https://boxd.it/FHIm
2024-09-19,Okja,2017,https://boxd.it/dvXe
2024-09-20,Adventureland,2009,https://boxd.it/1JTQ
2024-09-21,True Story,2015,https://boxd.it/7dmC
2024-09-24,The Fisher King,1991,https://boxd.it/2aWM
2024-09-24,Carnage,2011,https://boxd.it/2peU
2024-09-25,Constantine,2005,https://boxd.it/2a7E
2024-09-28,The Celebration,1998,https://boxd.it/2aCM
2024-10-01,Wolfs,2024,https://boxd.it/x6zG
2024-10-01,Meet the Parents,2000,https://boxd.it/28vE
2024-10-04,Devs,2020,https://boxd.it/ppHI
2024-10-05,Immaculate,2024,https://boxd.it/Douw
2024-10-05,Under the Silver Lake,2018,https://boxd.it/dSAs
2024-10-09,The Florida Project,2017,https://boxd.it/dMG0
2024-10-10,Rachel Getting Married,2008,https://boxd.it/1N30
2024-10-10,Ocean's Eight,2018,https://boxd.it/eaai
2024-10-10,To the Bone,2017,https://boxd.it/e5AK
2024-10-11,The Chorus,2004,https://boxd.it/22X8
2024-10-11,French Fried Vacation,1978,https://boxd.it/1UqU
2024-10-16,Evangelion: 1.0 You Are (Not) Alone,2007,https://boxd.it/1MKi
2024-10-16,Evangelion: 2.0 You Can (Not) Advance,2009,https://boxd.it/1zYm
2024-10-16,Evangelion: 3.0 You Can (Not) Redo,2012,https://boxd.it/2BwG
2024-10-16,Evangelion: 3.0+1.0 Thrice Upon a Time,2021,https://boxd.it/8LnQ
2024-10-16,Humanist Vampire Seeking Consenting Suicidal Person,2023,https://boxd.it/Blzk
2024-10-16,Red Rooms,2023,https://boxd.it/ym4c
2024-10-19,Alice in the Cities,1974,https://boxd.it/27cG
2024-10-19,Monsieur Aznavour,2024,https://boxd.it/BSGI
2024-10-24,Transformers One,2024,https://boxd.it/q7bc
2024-10-28,Annette,2021,https://boxd.it/f0RS
2024-10-28,Twice Born,2012,https://boxd.it/41rO
2024-11-03,The Young Pope,2016,https://boxd.it/g3y2
2024-11-04,Woman of the Hour,2023,https://boxd.it/vuz2
2024-11-08,mid90s,2018,https://boxd.it/fxIa
2024-11-08,"Don't Worry, He Won't Get Far on Foot",2018,https://boxd.it/fLeo
2024-11-09,A Missing Part,2024,https://boxd.it/CDT0
2024-11-09,It Follows,2014,https://boxd.it/87wo
2024-11-10,The Banshees of Inisherin,2022,https://boxd.it/p7XS
2024-11-10,The World's End,2013,https://boxd.it/3EiO
2024-11-13,All of Us Strangers,2023,https://boxd.it/Bz3C
2024-11-13,The Three Musketeers: Milady,2023,https://boxd.it/vSti
2024-11-13,The Spanish Apartment,2002,https://boxd.it/28Cq
2024-11-13,Night Call,2024,https://boxd.it/BQBw
2024-11-13,Gladiator II,2024,https://boxd.it/kqQQ
2024-11-13,Juror #2,2024,https://boxd.it/FRwU
2024-11-14,I'm Thinking of Ending Things,2020,https://boxd.it/i4IQ
2024-11-14,The Brand New Testament,2015,https://boxd.it/aPMO
2024-11-18,Toy Story 4,2019,https://boxd.it/9ALu
2024-11-18,Torment,1994,https://boxd.it/1HMS
2024-11-19,Romeo + Juliet,1996,https://boxd.it/2ama
2024-11-19,Troy,2004,https://boxd.it/29TW
2024-11-20,Kneecap,2024,https://boxd.it/ILxI
2024-11-21,Enter the Void,2009,https://boxd.it/1dy2
2024-11-21,Irreversible,2002,https://boxd.it/29as
2024-11-21,La Tour Montparnasse Infernale,2001,https://boxd.it/1Mec
2024-11-21,Wrong,2012,https://boxd.it/2V5K
2024-11-21,Parthenope,2024,https://boxd.it/FWo2
2024-11-22,The Great Beauty,2013,https://boxd.it/5ty6
2024-11-22,Materialists,2025,https://boxd.it/GZlW
2024-11-22,Prometheus,2012,https://boxd.it/2s9e
2024-11-23,Mother Mary,,https://boxd.it/FILw
2024-11-23,A Ghost Story,2017,https://boxd.it/fb0K
2024-11-23,I Saw the TV Glow,2024,https://boxd.it/woVe
2024-11-23,Deep Sea,2023,https://boxd.it/oRIs
2024-11-23,RRR,2022,https://boxd.it/ljDs
2024-11-24,The Marvels,2023,https://boxd.it/mwU4
2024-11-24,Elektra,2005,https://boxd.it/1XsE
2024-11-24,Daredevil,2003,https://boxd.it/1YzG
2024-11-24,Captain America: Brave New World,2025,https://boxd.it/uYDm
2024-11-24,Blade,,https://boxd.it/mOS6
2024-11-24,Everest,2015,https://boxd.it/7r7Q
2024-11-24,Emma.,2020,https://boxd.it/kmg0
2024-11-24,The Peanut Butter Falcon,2019,https://boxd.it/gzu2
2024-11-24,Christmas & Co.,2017,https://boxd.it/g6as
2024-11-26,A Beautiful Mind,2001,https://boxd.it/2amk
2024-11-26,Wicked,2024,https://boxd.it/e8ME
2024-11-27,The Report,2019,https://boxd.it/j2X2
2024-11-29,Moulin Rouge!,2001,https://boxd.it/29wI
2024-11-29,The Others,2001,https://boxd.it/27Po
2024-11-29,V for Vendetta,2005,https://boxd.it/29Ik
2024-11-29,Jackie,2016,https://boxd.it/d6bu
2024-11-29,Magnolia,1999,https://boxd.it/2aze
2024-11-29,Children of Men,2006,https://boxd.it/1Y2i
2024-12-06,The Broken Circle Breakdown,2012,https://boxd.it/4pHm
2024-12-09,Where the Heart Is,2000,https://boxd.it/1VWM
2024-12-10,Ballerina,2025,https://boxd.it/jKqG
2024-12-13,The Sisters Brothers,2018,https://boxd.it/fDFm
2024-12-13,A Prophet,2009,https://boxd.it/1BGE
2024-12-13,The Outrun,2024,https://boxd.it/txPo
2024-12-13,Heretic,2024,https://boxd.it/H1lY
2024-12-14,28 Years Later,2025,https://boxd.it/FEGM
2024-12-14,The Most Precious of Cargoes,2024,https://boxd.it/vMSc
2024-12-14,The Lord of the Rings: The War of the Rohirrim,2024,https://boxd.it/vDNs
2024-12-15,Blood Diamond,2006,https://boxd.it/28Tm
2024-12-15,Labyrinth,1986,https://boxd.it/1POC
2024-12-15,The Lovely Bones,2009,https://boxd.it/20IA
2024-12-15,Airplane!,1980,https://boxd.it/29yu
2024-12-19,A Complete Unknown,2024,https://boxd.it/oBYa
2024-12-24,Where the Crawdads Sing,2022,https://boxd.it/psLS
2024-12-24,The Odyssey,2026,https://boxd.it/QFQU
2024-12-26,I'm Still Here,2024,https://boxd.it/BPEO
2024-12-26,Memoir of a Snail,2024,https://boxd.it/EgX8
2024-12-27,Hundreds of Beavers,2022,https://boxd.it/CyUM
2024-12-28,10 Cloverfield Lane,2016,https://boxd.it/aZiu
2024-12-29,A Scene at the Sea,1991,https://boxd.it/1z10
2024-12-29,JFK,1991,https://boxd.it/29xm
2024-12-29,Platoon,1986,https://boxd.it/29BS
2024-12-29,Natural Born Killers,1994,https://boxd.it/2aNg
2024-12-29,Snowden,2016,https://boxd.it/9CWO
2024-12-31,Babygirl,2024,https://boxd.it/Fvai
2024-12-31,Good Time,2017,https://boxd.it/fcFu
2025-01-02,"The Cook, the Thief, His Wife & Her Lover",1989,https://boxd.it/20VO
2025-01-03,Last Night in Soho,2021,https://boxd.it/lbJC
2025-01-03,Holy Cow,2024,https://boxd.it/EPbI
2025-01-03,Room,2015,https://boxd.it/7T0y
2025-01-04,Zootopia 2,2025,https://boxd.it/F0vO
2025-01-04,A Minecraft Movie,2025,https://boxd.it/zRro
2025-01-04,Superman,2025,https://boxd.it/E9IU
2025-01-04,Lilo & Stitch,2025,https://boxd.it/kbUe
2025-01-04,TRON: Ares,2025,https://boxd.it/jqdM
2025-01-05,2046,2004,https://boxd.it/29tu
2025-01-07,The Wrong Trousers,1993,https://boxd.it/2ack
2025-01-07,A Close Shave,1995,https://boxd.it/2aca
2025-01-07,A Grand Day Out,1989,https://boxd.it/2acu
2025-01-10,Sweetpea,2024,https://boxd.it/QMrs
2025-01-12,Notting Hill,1999,https://boxd.it/2aeK
2025-01-16,Funny People,2009,https://boxd.it/1CRy
2025-01-16,Strange Way of Life,2023,https://boxd.it/Aomw
2025-01-16,Rush Hour,1998,https://boxd.it/27pU
2025-01-17,Army of the Dead,2021,https://boxd.it/ic7S
2025-01-17,Never Let Me Go,2010,https://boxd.it/Xw0
2025-01-18,Shin Godzilla,2016,https://boxd.it/a9lm
2025-01-20,Eraserhead,1977,https://boxd.it/299u
2025-01-20,Lost Highway,1997,https://boxd.it/29Wc
2025-01-20,Dune,1984,https://boxd.it/29tY
2025-01-20,Wild at Heart,1990,https://boxd.it/2aii
2025-01-20,Donkey Skin,1970,https://boxd.it/22V2
2025-01-20,Fallen Angels,1995,https://boxd.it/1UkW
2025-01-21,Dogtooth,2009,https://boxd.it/158K
2025-01-23,All the President's Men,1976,https://boxd.it/29lU
2025-01-23,American Pie,1999,https://boxd.it/27qy
2025-01-25,I Saw the Devil,2010,https://boxd.it/FaK
2025-01-28,Santa Claus Is a Stinker,1982,https://boxd.it/1NFe
2025-02-02,Companion,2025,https://boxd.it/F04o
2025-02-03,Mary and The Witch's Flower,2017,https://boxd.it/ffTY
2025-02-12,Funny Games,2007,https://boxd.it/207a
2025-02-13,Promising Young Woman,2020,https://boxd.it/loRE
2025-02-26,Opus,2025,https://boxd.it/JBMA
2025-02-26,Bodies Bodies Bodies,2022,https://boxd.it/iRcE
2025-02-26,A Different Man,2024,https://boxd.it/BoEC
2025-02-26,C'mon C'mon,2021,https://boxd.it/nrI0
2025-02-26,Celeste & Jesse Forever,2012,https://boxd.it/2XOi
2025-02-27,Children of Heaven,1997,https://boxd.it/1C5k
2025-02-27,The Double Life of Véronique,1991,https://boxd.it/28va
2025-02-27,Legends of the Fall,1994,https://boxd.it/24ho
2025-02-27,Mamma Mia!,2008,https://boxd.it/1Tnq
2025-02-27,Mamma Mia! Here We Go Again,2018,https://boxd.it/gnfO
2025-02-27,Jennifer's Body,2009,https://boxd.it/1Efw
2025-02-27,The Dictator,2012,https://boxd.it/2DEW
2025-02-27,Lawrence of Arabia,1962,https://boxd.it/2wRE
2025-03-01,Priest,2011,https://boxd.it/16fM
2025-03-06,A Real Pain,2024,https://boxd.it/CjNG
2025-03-06,CODA,2021,https://boxd.it/tbf4
2025-03-06,Braveheart,1995,https://boxd.it/2aTI
2025-03-06,Queer,2024,https://boxd.it/E4RW
2025-03-07,Bottoms,2023,https://boxd.it/uGf2
2025-03-07,Shiva Baby,2020,https://boxd.it/oIv0
2025-03-07,Saturday Night,2024,https://boxd.it/Gpfo
2025-03-11,Petite Maman,2021,https://boxd.it/s6je
2025-03-17,We Will Go,2025,https://boxd.it/BVXs
2025-03-17,The Host,2006,https://boxd.it/28ZY
2025-03-17,Mother,2009,https://boxd.it/1m9g
2025-03-21,The Three Musketeers: D'Artagnan,2023,https://boxd.it/tXF0
2025-03-24,Grown Ups,2010,https://boxd.it/169a
2025-03-24,Adolescence,2025,https://boxd.it/TFGw
2025-03-24,Big Fish,2003,https://boxd.it/2a3M
2025-03-24,25th Hour,2002,https://boxd.it/28LC
2025-03-24,Smoking Causes Coughing,2022,https://boxd.it/wVl4
2025-03-24,Sink or Swim,2018,https://boxd.it/hqqM
2025-03-25,Wuthering Heights,2026,https://boxd.it/OdIa
2025-03-28,Close,2022,https://boxd.it/y4qa
2025-03-29,The Wailing,2016,https://boxd.it/9fLy
2025-04-01,Big Little Lies,2017,https://boxd.it/fYde
2025-04-01,Crimes of the Future,2022,https://boxd.it/uTuY
2025-04-01,Death of a Unicorn,2025,https://boxd.it/HCPm
2025-04-05,Banger,2025,https://boxd.it/MeNm
2025-04-08,Lightyear,2022,https://boxd.it/qV1G
2025-04-08,Treasure Planet,2002,https://boxd.it/1Znm
2025-04-08,Atlantis: The Lost Empire,2001,https://boxd.it/1Vck
2025-04-09,Polytechnique,2009,https://boxd.it/1AMG
2025-04-14,Until the End of the World,1991,https://boxd.it/1WuY
2025-04-14,Wings of Desire,1987,https://boxd.it/2b26
2025-04-17,Babette's Feast,1987,https://boxd.it/1SYU
2025-04-17,Julie & Julia,2009,https://boxd.it/1wXg
2025-04-19,A Christmas Carol,2009,https://boxd.it/1HKW
2025-04-19,The Things of Life,1970,https://boxd.it/25oU
2025-04-23,"Good Morning, Vietnam",1987,https://boxd.it/29Aq
2025-04-23,Sinners,2025,https://boxd.it/KQMM
2025-04-24,Titane,2021,https://boxd.it/nlQC
2025-04-24,Cinema Paradiso,1988,https://boxd.it/1UlA
2025-04-25,"Jeanne Dielman, 23, quai du Commerce, 1080 Bruxelles",1975,https://boxd.it/T18
2025-04-27,Trainspotting,1996,https://boxd.it/29XY
2025-04-27,The Dreamers,2003,https://boxd.it/28X4
2025-04-27,The Piano Teacher,2001,https://boxd.it/2886
2025-04-28,The Fugitive,1993,https://boxd.it/230G
2025-04-29,Life Is Beautiful,1997,https://boxd.it/29Wm
2025-04-30,Those Happy Days,2006,https://boxd.it/1FHw
2025-04-30,Interview with the Vampire,1994,https://boxd.it/29XO
2025-04-30,Hereditary,2018,https://boxd.it/hNVe
2025-04-30,Nope,2022,https://boxd.it/sDCe
2025-04-30,Us,2019,https://boxd.it/gnV6
2025-04-30,Longlegs,2024,https://boxd.it/KzLM
2025-04-30,Twilight,2008,https://boxd.it/1Zui
2025-04-30,It,2017,https://boxd.it/bC8e
2025-04-30,John Wick,2014,https://boxd.it/7dEc
2025-04-30,Turning Red,2022,https://boxd.it/ipkq
2025-04-30,Beetlejuice Beetlejuice,2024,https://boxd.it/yyGs
2025-04-30,Beetlejuice,1988,https://boxd.it/24QI
2025-04-30,The Nightmare Before Christmas,1993,https://boxd.it/1YzQ
2025-04-30,Godzilla Minus One,2023,https://boxd.it/zu4c
2025-04-30,Encanto,2021,https://boxd.it/kPRu
2025-04-30,Elemental,2023,https://boxd.it/ASiE
2025-04-30,The Edge of Seventeen,2016,https://boxd.it/d5nu
2025-04-30,Blink Twice,2024,https://boxd.it/vIOg
2025-04-30,Aliens,1986,https://boxd.it/29PA
2025-04-30,The Exorcist,1973,https://boxd.it/1Yoo
2025-04-30,The Secret Life of Walter Mitty,2013,https://boxd.it/3SWy
2025-04-30,Spencer,2021,https://boxd.it/qPMG
2025-04-30,The Mask,1994,https://boxd.it/29rS
2025-04-30,Bram Stoker's Dracula,1992,https://boxd.it/223a
2025-04-30,Moana 2,2024,https://boxd.it/LcjW
2025-04-30,The Breakfast Club,1985,https://boxd.it/27q4
2025-05-01,Max & Leon,2016,https://boxd.it/dHV0
2025-05-01,"Two Days, One Night",2014,https://boxd.it/6A58
2025-05-01,Love at Second Sight,2019,https://boxd.it/kURO
2025-05-02,On Swift Horses,2024,https://boxd.it/FkhW
2025-05-04,Ad Astra,2019,https://boxd.it/ePzI
2025-05-04,Liar Liar,1997,https://boxd.it/28sg
2025-05-04,Didier,1997,https://boxd.it/17PQ
2025-05-05,Wonder Woman 1984,2020,https://boxd.it/gBtA
2025-05-05,The Lion King,2019,https://boxd.it/eSjI
2025-05-05,PlayTime,1967,https://boxd.it/1WLK
2025-05-07,From Dusk Till Dawn,1996,https://boxd.it/29HQ
2025-05-11,Fear and Loathing in Las Vegas,1998,https://boxd.it/27Xs
2025-05-12,Five,2016,https://boxd.it/dh4a
2025-05-12,LOL (Laughing Out Loud),2008,https://boxd.it/2lxI
2025-05-12,The Book of Solutions,2023,https://boxd.it/xx3i
2025-05-12,It Boy,2013,https://boxd.it/5kkE
2025-05-12,"Someone, Somewhere",2019,https://boxd.it/lspO
2025-05-12,Speed Racer,2008,https://boxd.it/20UQ
2025-05-12,Little Women,1994,https://boxd.it/1YiU
2025-05-13,Mysterious Skin,2004,https://boxd.it/1UsG
2025-05-13,How to Lose a Guy in 10 Days,2003,https://boxd.it/1XwG
2025-05-13,Friendship,2024,https://boxd.it/L6Dc
2025-05-13,The Surfer,2024,https://boxd.it/GFEE
2025-05-13,Young Mothers,2025,https://boxd.it/LclI
2025-05-13,The Phoenician Scheme,2025,https://boxd.it/H0Ca
2025-05-13,Birth,2004,https://boxd.it/1VvQ
2025-05-13,Sexy Beast,2000,https://boxd.it/1SZS
2025-05-14,Holland,2025,https://boxd.it/7Axy
2025-05-16,Die My Love,2025,https://boxd.it/D5cI
2025-05-16,We Need to Talk About Kevin,2011,https://boxd.it/2pTS
2025-05-16,Kingdom of Heaven,2005,https://boxd.it/28Gs
2025-05-18,Days of Heaven,1978,https://boxd.it/1JRg
2025-05-19,The Prince of Egypt,1998,https://boxd.it/1XGQ
2025-05-19,Marathon Man,1976,https://boxd.it/1W4c
2025-05-22,Sentimental Value,2025,https://boxd.it/GwcG
2025-05-22,Nouvelle Vague,2025,https://boxd.it/LLLQ
2025-05-27,It Was Just an Accident,2025,https://boxd.it/TX2k
2025-05-27,Chungking Express,1994,https://boxd.it/1UDa
2025-05-28,Hot Fuzz,2007,https://boxd.it/2416
2025-05-29,Secretary,2002,https://boxd.it/1URc
2025-05-29,Lars and the Real Girl,2007,https://boxd.it/21tG
2025-05-29,The Life Aquatic with Steve Zissou,2004,https://boxd.it/2aqw
